protein,mut_consecutive,mut_rosetta,ddg
2LZM,I3LS38DA82PN144D,I3LS38DA82PN144D,0.947
2LZM,I3LS38DA82PV131AN144D,I3LS38DA82PV131AN144D,1.356
2LZM,I3LS38DA41VA82PV131AN144D,I3LS38DA41VA82PV131AN144D,1.209
2LZM,I3LS38DA41VA82PN116DV131AN144D,I3LS38DA41VA82PN116DV131AN144D,2.33
2LZM,M6IR96H,M6IR96H,6.726
2LZM,L13DK60H,L13DK60H,4.857
2LZM,R14AK16AI17AK19AT21AE22A,R14AK16AI17AK19AT21AE22A,9.395
2LZM,K16ER119EK135EK147E,K16ER119EK135EK147E,2.26
2LZM,K16ER154E,K16ER154E,3.459
2LZM,K16EK135E,K16EK135E,1.501
2LZM,K16EK135EK147E,K16EK135EK147E,1.558
2LZM,K16ER119E,K16ER119E,-1.327
2LZM,K16ER119EK135EK147E,K16ER119EK135EK147E,1.341
2LZM,Y24AY25AT26AI27A,Y24AY25AT26AI27A,15.596
2LZM,G28AI29AG30A,G28AI29AG30A,10.583
2LZM,H31ND70N,H31ND70N,3.224
2LZM,L32AL33AT34AE108V,L32AL33AT34AE108V,12.361
2LZM,T34AK35AS36AP37A,T34AK35AS36AP37A,4.05
2LZM,T34AK35AS36AP37AE128AV131AN132A,T34AK35AS36AP37AE128AV131AN132A,4.117
2LZM,S38DA82PN144D,S38DA82PN144D,1.215
2LZM,S38DN144D,S38DN144D,3.111
2LZM,N40AS44AE45AD47AK48AD127AE128AV131AN132A,N40AS44AE45AD47AK48AD127AE128AV131AN132A,-2.417
2LZM,N40AS44AE45AD47AK48AD127AE128AV131AN132A,N40AS44AE45AD47AK48AD127AE128AV131AN132A,0.103
2LZM,A41VV131A,A41VV131A,0.453
2LZM,E45AK48A,E45AK48A,-0.673
2LZM,N53AN55AV57A,N53AN55AV57A,2.298
2LZM,N53AN55AV57AE128AV131AN132A,N53AN55AV57AE128AV131AN132A,2.699
2LZM,C54TC97A,C54TC97A,-4.69
2LZM,C54VC97S,C54VC97S,2.46
2LZM,R80KR119H,R80KR119H,-1.714
2LZM,K83HA112D,K83HA112D,1.24
2LZM,K85AR96H,K85AR96H,5.391
2LZM,D89AR96H,D89AR96H,3.981
2LZM,D89AR96H,D89AR96H,2.556
2LZM,S90HQ122D,S90HQ122D,4.188
2LZM,A98VT152S,A98VT152S,4.941
2LZM,A98VV149CT152S,A98VV149CT152S,6.911
2LZM,A98VV149IT152S,A98VV149IT152S,5.721
2LZM,L99AE108V,L99AE108V,3.567
2LZM,L99AF153A,L99AF153A,9.932
2LZM,L99GE108V,L99GE108V,5.112
2LZM,L99FM102LF153L,L99FM102LF153L,2.69
2LZM,L99FM102LV111I,L99FM102LV111I,3.182
2LZM,L99FM102LV111IF153L,L99FM102LV111IF153L,4.863
2LZM,L99FV111I,L99FV111I,3.249
2LZM,L99FV111IF153L,L99FV111IF153L,5.318
2LZM,L99FF153L,L99FF153L,2.491
2LZM,L99FM102L,L99FM102L,2.879
2LZM,L99FM102LF153L,L99FM102LF153L,3.254
2LZM,M102LV111F,M102LV111F,5.748
2LZM,V111IF153L,V111IF153L,6.141
2LZM,T115AR119A,T115AR119A,-0.03
2LZM,T115AS117A,T115AS117A,-1.583
2LZM,N116AM120A,N116AM120A,0.683
2LZM,N116DR119M,N116DR119M,0.717
2LZM,N116DR119M,N116DR119M,-0.321
2LZM,S117AN132I,S117AN132I,-2.867
2LZM,S117AN132M,S117AN132M,-2.853
2LZM,S117AR119A,S117AR119A,-2.548
2LZM,S117IN132I,S117IN132I,0.686
2LZM,S117IN132M,S117IN132M,-0.324
2LZM,R119AQ123A,R119AQ123A,0.192
2LZM,R119EK135E,R119EK135E,0.895
2LZM,R119EK135EK147E,R119EK135EK147E,0.234
2LZM,M120AQ122A,M120AQ122A,-0.604
2LZM,L121AA129L,L121AA129L,2.085
2LZM,L121AA129LL133AF153L,L121AA129LL133AF153L,9.795
2LZM,L121AA129M,L121AA129M,3.872
2LZM,L121AA129MF153L,L121AA129MF153L,4.901
2LZM,L121AA129MV149I,L121AA129MV149I,1.467
2LZM,L121AA129VL133MF153L,L121AA129VL133MF153L,5.272
2LZM,L121AA129L,L121AA129L,3.2
2LZM,L121IA129LL133MF153W,L121IA129LL133MF153W,15.125
2LZM,L121IA129WL133M,L121IA129WL133M,6.491
2LZM,L121MA129LL133MV149IF153W,L121MA129LL133MV149IF153W,10.347
2LZM,L121ML133VF153L,L121ML133VF153L,6.09
2LZM,W126YW138YW158Y,W126YW138YW158Y,8.834
2LZM,W126YW138YW158Y,W126YW138YW158Y,7.406
2LZM,D127AE128A,D127AE128A,0.125
2LZM,D127AE128AV131AN132A,D127AE128AV131AN132A,-1.283
2LZM,D127AE128AV131AN132AK135AS136A,D127AE128AV131AN132AK135AS136A,2.503
2LZM,D127AE128AV131AN132AK135AS136AR137AY139AN140AQ141A,D127AE128AV131AN132AK135AS136AR137AY139AN140AQ141A,6.869
2LZM,D127AE128AV131AN132AL133A,D127AE128AV131AN132AL133A,4.928
2LZM,E128AV131AN132AL133A,E128AV131AN132AL133A,5.678
2LZM,E128AV131A,E128AV131A,-0.591
2LZM,E128AV131AN132A,E128AV131AN132A,-0.343
2LZM,E128AV131AN132AK135AS136AR137A,E128AV131AN132AK135AS136AR137A,1.859
2LZM,E128AV131AN132AK135AS136AR137AY139AN140AQ141A,E128AV131AN132AK135AS136AR137AY139AN140AQ141A,4.961
2LZM,E128AV131AN132AL133A,E128AV131AN132AL133A,4.007
2LZM,A129MF153A,A129MF153A,11.56
2LZM,V131AN132A,V131AN132A,0.945
2LZM,K135EK147E,K135EK147E,2.975
2LZM,N144EK147M,N144EK147M,2.5
1BNI,D8AD12A,D6AD10A,2.52
1BNI,D8AD12AR110A,D6AD10AR108A,2.938
1BNI,D8AV10A,D6AV8A,4.922
1BNI,D12AR110A,D10AR108A,3.207
1BNI,D12AT16R,D10AT14R,2.383
1BNI,Y13AY17A,Y11AY15A,5.999
1BNI,Y13FY17F,Y11FY15F,0.219
1BNI,Q15IT16RK19R,Q13IT14RK17R,1.871
1BNI,Q15IT16RK19RG65SK66AK108R,Q13IT14RK17RG63SK64AK106R,1.676
1BNI,T16AY17A,T14AY15A,3.678
1BNI,H18AW94L,H16AW92L,6.24
1BNI,H18AW94L,H16AW92L,6.077
1BNI,H18RW94L,H16RW92L,5.933
1BNI,H18NW94L,H16NW92L,4.882
1BNI,H18GW94L,H16GW92L,4.365
1BNI,H18KW94L,H16KW92L,4.998
1BNI,H18SW94L,H16SW92L,6.558
1BNI,T26HD54N,T24HD52N,0.866
1BNI,R69SD93N,R67SD91N,1.681
1BNI,D75NR83K,D73NR81K,1.598
1VQB,I6VE30F,I6VE30F,-3.252
1VQB,I6VM77I,I6VM77I,-0.321
1VQB,I6VM77V,I6VM77V,0.049
1VQB,F13TE30F,F13TE30F,-1.065
1VQB,L28VF68L,L28VF68L,2.83
1VQB,E30FA86T,E30FA86T,-2.059
1VQB,E30FA86V,E30FA86V,-3.031
1VQB,L32YR82C,L32YR82C,2.532
1VQB,C33MI47C,C33MI47C,3.34
1VQB,C33VV35C,C33VV35C,5.925
1VQB,V35AI47A,V35AI47A,8.9
1VQB,V35AI47F,V35AI47F,7.053
1VQB,V35AI47L,V35AI47L,7.368
1VQB,V35AI47M,V35AI47M,6.008
1VQB,V35AI47V,V35AI47V,5.095
1VQB,V35AI47A,V35AI47A,8.798
1VQB,V35CI47C,V35CI47C,7.798
1VQB,V35II47F,V35II47F,4.244
1VQB,V35II47L,V35II47L,3.898
1VQB,V35II47M,V35II47M,2.973
1VQB,V35II47V,V35II47V,2.233
1VQB,V35LI47F,V35LI47F,4.379
1VQB,V35LI47L,V35LI47L,5.124
1VQB,V35LI47M,V35LI47M,3.667
1VQB,V35LI47V,V35LI47V,2.559
1VQB,V35LI47F,V35LI47F,4.405
1VQB,V35MI47F,V35MI47F,4.184
1VQB,V35MI47L,V35MI47L,3.801
1VQB,V35MI47M,V35MI47M,2.705
1VQB,V35FI47L,V35FI47L,3.152
1VQB,Y41FF73W,Y41FF73W,0.919
1VQB,V45CR82C,V45CR82C,5.408
1VQB,H64CF68L,H64CF68L,5.466
1VQB,H64CF68L,H64CF68L,5.623
1VQB,L65PF68L,L65PF68L,0.586
1LZ1,P71GP103G,P71GP103G,5.101
1LZ1,C77AC95A,C77AC95A,-0.075
2CI2,K21AE26A,K3AE8A,3.32
2CI2,P25AA35G,P7AA17G,3.933
2CI2,S31AE33AE34A,S13AE15AE16A,0.984
2CI2,S31GE33AE34A,S13GE15AE16A,3.511
2CI2,E33AE34A,E15AE16A,0.484
2CI2,K43AE45A,K25AE27A,1.763
2CI2,Q47MM59L,Q29MM41L,1.516
2CI2,I48AI76V,I30AI58V,5.55
2CI2,L51AV57A,L33AV39A,3.542
2CI2,L51AV57AF69L,L33AV39AF51L,4.368
2CI2,L51AF69A,L33AF51A,6.231
2CI2,L51AF69L,L33AF51L,5.279
2CI2,L51AV57A,L33AV39A,4.224
2CI2,L51VF69A,L33VF51A,4.93
2CI2,L51VF69L,L33VF51L,3.416
2CI2,L51VV57A,L33VV39A,3.746
2CI2,L51VV57AF69L,L33VV39AF51L,4.298
2CI2,V57AF69L,V39AF51L,1.964
2CI2,V57AV79A,V39AV61A,2.309
2CI2,T58AE60A,T40AE42A,2.201
2CI2,T58DE60A,T40DE42A,3.222
2CI2,R62AD64A,R44AD46A,-2.336
2CI2,R62AD64A,R44AD46A,0.216
1PGA,I6AT53A,I6AT53A,2.16
1PGA,I6AT53E,I6AT53E,2.926
1PGA,I6AT53R,I6AT53R,3.406
1PGA,I6RT44AT53A,I6RT44AT53A,1.255
1PGA,I6RT44RT53A,I6RT44RT53A,2.142
1PGA,I6RT44AT53E,I6RT44AT53E,2.889
1PGA,I6ET53A,I6ET53A,2.141
1PGA,I6ET53E,I6ET53E,3.662
1PGA,I6ET53R,I6ET53R,2.615
1PGA,I6LT53I,I6LT53I,-1.455
1PGA,I6KT53A,I6KT53A,1.937
1PGA,I6KT53E,I6KT53E,2.943
1PGA,I6KT53R,I6KT53R,3.387
1PGA,I6KT53A,I6KT53A,1.939
1PGA,I6FT53F,I6FT53F,-2.316
1PGA,I6FT53I,I6FT53I,-1.318
1PGA,I6FT53V,I6FT53V,1.729
1PGA,I6FT53Y,I6FT53Y,-3.343
1PGA,I6TT53Y,I6TT53Y,0.658
1PGA,I6TT53F,I6TT53F,-0.038
1PGA,I6TT53I,I6TT53I,0.084
1PGA,I6TT53V,I6TT53V,3.145
1PGA,I6TT53Y,I6TT53Y,0.048
1PGA,I6VT53F,I6VT53F,-1.472
1PGA,I6VT53I,I6VT53I,-1.235
1PGA,I6VT53V,I6VT53V,-1.16
1PGA,T16IT18IT25QV29F,T16IT18IT25QV29F,0.025
1PGA,T16IT18IT25SV29Y,T16IT18IT25SV29Y,0.659
1PGA,T16IT18IV29W,T16IT18IV29W,0.015
1PGA,T16IT18LT25EV29F,T16IT18LT25EV29F,0.928
1PGA,T16IT18FT25EV29F,T16IT18FT25EV29F,6.776
1PGA,T16IT18LT25EV29K,T16IT18LT25EV29K,2.184
1PGA,T16IT18FV29F,T16IT18FV29F,6.389
1PGA,T16IT18VT25MV29Y,T16IT18VT25MV29Y,0.823
1PGA,T16IT18IT25EV29F,T16IT18IT25EV29F,2.736
1PGA,T16IT18VT25SV29W,T16IT18VT25SV29W,-2.32
1PGA,T16IT18IT25EV29I,T16IT18IT25EV29I,-0.084
1PGA,T16IT18YT25LV29F,T16IT18YT25LV29F,5.349
1PGA,T16IT18IT25EV29K,T16IT18IT25EV29K,3.136
1PGA,T16IT18YT25SV29F,T16IT18YT25SV29F,6.078
1PGA,T16IT18IT25EV29Y,T16IT18IT25EV29Y,0.265
1PGA,T16IT18YT25VV29F,T16IT18YT25VV29F,6.051
1PGA,T16IT18IT25QV29F,T16IT18IT25QV29F,-0.593
1PGA,T16LT18IT25EV29Y,T16LT18IT25EV29Y,2.492
1PGA,T16LT18IT25SV29W,T16LT18IT25SV29W,3.25
1PGA,T16LT18IT25SV29Y,T16LT18IT25SV29Y,3.046
1PGA,T16LT18VV29F,T16LT18VV29F,0.274
1PGA,T16LT18YT25EV29Y,T16LT18YT25EV29Y,6.083
1PGA,T16LT18YT25QV29Y,T16LT18YT25QV29Y,4.525
1PGA,T16LT18YT25SV29Y,T16LT18YT25SV29Y,6.753
1PGA,T16LT18IT25EV29Y,T16LT18IT25EV29Y,2.167
1PGA,T16VT18FV29Y,T16VT18FV29Y,3.2
1PGA,T16VT18YT25EV29Y,T16VT18YT25EV29Y,3.852
1PGA,T16VT18YT25SV29W,T16VT18YT25SV29W,5.078
1PGA,V21PA23P,V21PA23P,-1.624
1PGA,V21PA23P,V21PA23P,-1.481
1PGA,T44AT53A,T44AT53A,-0.237
1PGA,T44AT53E,T44AT53E,0.417
1PGA,T44RT53A,T44RT53A,-1.059
1PGA,T44RT53E,T44RT53E,-0.4
2RN2,Y28FR29HG30AR31H,Y28FR29HG30AR31H,1.352
2RN2,T40AH62PK122R,T40AH62PK122R,-2.032
2RN2,R41CE119V,R41CE119V,-1.964
2RN2,A52GV74L,A52GV74L,2.016
2RN2,A52IV74A,A52IV74A,-0.342
2RN2,A52IV74L,A52IV74L,3.286
2RN2,A52LV74A,A52LV74A,1.028
2RN2,A52LV74L,A52LV74L,-0.913
2RN2,A52FV74A,A52FV74A,0.858
2RN2,A52FV74L,A52FV74L,4.522
2RN2,A52VV74A,A52VV74A,1.026
2RN2,A52VV74L,A52VV74L,-1.576
2RN2,A52VV74A,A52VV74A,1.409
2RN2,K60RE119V,K60RE119V,0.182
2RN2,Q80LK117R,Q80LK117R,0.991
2RN2,K91RD94E,K91RD94E,0.882
2RN2,K91RD94EK95G,K91RD94EK95G,-0.432
2RN2,K91RK95G,K91RK95G,-0.587
2RN2,D94RK95G,D94RK95G,0.202
1CSP,M1RE3K,M1RE3K,-0.178
1CSP,M1RE3KE66K,M1RE3KE66K,-1.596
1CSP,M1RE3KK65I,M1RE3KK65I,-2.255
1CSP,M1RE3KK65IE66K,M1RE3KK65IE66K,-3.653
1CSP,M1RE3KK65IE66L,M1RE3KK65IE66L,-4.683
1CSP,M1RE66K,M1RE66K,-0.941
1CSP,M1RK65IE66K,M1RK65IE66K,-3.145
1CSP,E3RA46KS48RE66L,E3RA46KS48RE66L,-2.732
1CSP,E3RF15AD25K,E3RF15AD25K,2.292
1CSP,E3RF15AE19KF27A,E3RF15AE19KF27A,5.475
1CSP,E3RF15AF27A,E3RF15AF27A,6.104
1CSP,E3RV20E,E3RV20E,4.373
1CSP,E3RV20K,E3RV20K,1.062
1CSP,E3RV20Q,E3RV20Q,1.394
1CSP,E3RE66L,E3RE66L,-3.037
1CSP,E3RT64VE66L,E3RT64VE66L,-4.64
1CSP,E3RA46KS48R,E3RA46KS48R,1.298
1CSP,E3RA46KS48RE66L,E3RA46KS48RE66L,-2.666
1CSP,E3KE66K,E3KE66K,-2.504
1CSP,E3KK65IE66K,E3KK65IE66K,-4.623
1CSP,E19QD25Q,E19QD25Q,-1.372
1CSP,E19QE21Q,E19QE21Q,-1.452
1CSP,E19QD25K,E19QD25K,-0.505
1CSP,E19QD25Q,E19QD25Q,-1.464
1CSP,E43GA46KS48R,E43GA46KS48R,-0.703
1CSP,E43KA46KS48K,E43KA46KS48K,-1.457
1CSP,E43SA46KS48K,E43SA46KS48K,-1.663
1CSP,E43SA46KS48R,E43SA46KS48R,-2.335
1CSP,A46KS48R,A46KS48R,-1.977
1CSP,A46KS48RE66L,A46KS48RE66L,-6.031
1CSP,N55SQ59R,N55SQ59R,1.453
1CSP,E66LA67P,E66LA67P,-1.881
1BVC,L11AV66A,L11AV66A,3.944
1BVC,V13AG23AV66AG129A,V13AG23AV66AG129A,-0.148
1BVC,V13AG23AV66AV114AG129AL149A,V13AG23AV66AV114AG129AL149A,1.997
1BVC,V13AV66AV114A,V13AV66AV114A,5.04
1BVC,V13AG23AV66AV114A,V13AG23AV66AV114A,2.004
1BVC,V13AV66A,V13AV66A,2.813
1BVC,G23AV66A,G23AV66A,-2.236
1BVC,G23AG25A,G23AG25A,1.847
1BVC,G23AV114AH116AS117A,G23AV114AH116AS117A,-2.008
1BVC,G23AV66AV114AG129AL149A,G23AV66AV114AG129AL149A,2.392
1BVC,G23AV66AG129A,G23AV66AG129A,-1.47
1BVC,G23AV66A,G23AV66A,-0.095
1BVC,G65AG73A,G65AG73A,4.041
1BVC,V66AV114AG129A,V66AV114AG129A,1.403
1BVC,V66AG129A,V66AG129A,-0.491
1BVC,V66AV114AG129AL149A,V66AV114AG129AL149A,3.218
1BVC,V66AV114AH116AS117AG129AL149A,V66AV114AH116AS117AG129AL149A,0.882
1BVC,V66AG129AL149A,V66AG129AL149A,1.335
1BVC,V66AL135A,V66AL135A,5.844
1BVC,V66AL137A,V66AL137A,0.728
1BVC,V66AL149A,V66AL149A,2.91
1BVC,V66AV114A,V66AV114A,1.303
1BVC,V66AV114AG129A,V66AV114AG129A,1.726
1BVC,V114AG129A,V114AG129A,0.841
1BVC,V114AH116AS117A,V114AH116AS117A,-1.686
1BVC,V114AG129AL149A,V114AG129AL149A,2.889
4LYZ,M12LL56F,M12LL56F,-5.498
4LYZ,M12FL56F,M12FL56F,-7.299
4LYZ,T40SI55V,T40SI55V,-0.207
4LYZ,T40SI55VS91A,T40SI55VS91A,-1.957
4LYZ,T40SI55VS91T,T40SI55VS91T,-1.281
4LYZ,T40SS91A,T40SS91A,-1.681
4LYZ,T40SS91T,T40SS91T,-1.894
4LYZ,T40SS91V,T40SS91V,-3.396
4LYZ,I55AS91T,I55AS91T,0.161
4LYZ,I55LS91T,I55LS91T,-3.168
4LYZ,I55VS91A,I55VS91A,-1.892
4LYZ,I55VS91T,I55VS91T,-1.009
4LYZ,I55VS91V,I55VS91V,-3.281
4LYZ,I55VS91A,I55VS91A,-1.889
1RTB,A4CV118C,A4CV118C,-0.543
1RTB,R10CR33C,R10CR33C,1.201
1RTB,M30CN44C,M30CN44C,1.35
1RTB,V43CR85C,V43CR85C,-0.645
1RTB,P93AP114G,P93AP114G,3.912
1RTB,H105CV124C,H105CV124C,0.548
1RTB,I107CA122C,I107CA122C,3.804
1RN1,Y24WW59Y,Y24WW58Y,-0.27
1RN1,Q25KE58A,Q25KE57A,-1.924
1RN1,H40TW59Y,H40TW58Y,0.117
1RN1,Y42WW59Y,Y42WW58Y,1.841
1RN1,W59YH92A,W58YH91A,-1.575
1RGG,D25KE74K,D25KE74K,-1.151
1RGG,D25KS31PS42GS48PE74KT76PQ77G,D25KS31PS42GS48PE74KT76PQ77G,-8.752
1RGG,D25KS31PS42GS48PE74KT76PQ77GD79A,D25KS31PS42GS48PE74KT76PQ77GD79A,-11.467
1RGG,D25KS31PS42GS48PE74KT76PQ77GD79F,D25KS31PS42GS48PE74KT76PQ77GD79F,-13.565
1RGG,D25KS31PS42GS48PI70DE74KT76PQ77GD79F,D25KS31PS42GS48PI70DE74KT76PQ77GD79F,-3.844
1RGG,D25KS31PS42GS48PE74KT76PQ77GD79FI92A,D25KS31PS42GS48PE74KT76PQ77GD79FI92A,-7.543
1RGG,D25KS31PS42GS48PE74KT76PQ77GD79FI92D,D25KS31PS42GS48PE74KT76PQ77GD79FI92D,-3.677
1RGG,D25KS31PS42GS48PE74KT76PQ77GD79FY80A,D25KS31PS42GS48PE74KT76PQ77GD79FY80A,-3.962
1RGG,D25KS31PS42GS48PE74KT76PQ77GI92D,D25KS31PS42GS48PE74KT76PQ77GI92D,0.953
1BPI,C30AC51A,C30AC51A,-0.004
1BPI,C30AC51S,C30AC51S,0.022
1BPI,C30GC51A,C30GC51A,0.001
1BPI,C30SC51A,C30SC51A,-0.001
1BPI,C30TC51A,C30TC51A,0.008
1BPI,C30VC51A,C30VC51A,0.023
